<?xml version="1.0" encoding="UTF-8"?>
<project-private xmlns="http://www.netbeans.org/ns/project-private/1">
    <editor-bookmarks xmlns="http://www.netbeans.org/ns/editor-bookmarks/2" lastBookmarkId="0"/>
    <open-files xmlns="http://www.netbeans.org/ns/projectui-open-files/2">
        <group>
            <file>file:/D:/Semester%204/PBOMateri/TestDatabase/src/controllers/UserController.java</file>
            <file>file:/D:/Semester%204/PBOMateri/TestDatabase/src/views/ReportPanel.java</file>
            <file>file:/D:/Semester%204/PBOMateri/TestDatabase/src/controllers/JourneyController.java</file>
            <file>file:/D:/Semester%204/PBOMateri/TestDatabase/src/views/MainFrame.java</file>
            <file>file:/D:/Semester%204/PBOMateri/TestDatabase/src/views/LoginPanel.java</file>
            <file>file:/D:/Semester%204/PBOMateri/TestDatabase/src/views/RegisterPanel.java</file>
            <file>file:/D:/Semester%204/PBOMateri/TestDatabase/src/controllers/ReportController.java</file>
            <file>file:/D:/Semester%204/PBOMateri/TestDatabase/src/models/User.java</file>
            <file>file:/D:/Semester%204/PBOMateri/TestDatabase/src/db/DatabaseConnection.java</file>
            <file>file:/D:/Semester%204/PBOMateri/TestDatabase/src/models/Customer.java</file>
            <file>file:/D:/Semester%204/PBOMateri/TestDatabase/src/models/Ticket.java</file>
            <file>file:/D:/Semester%204/PBOMateri/TestDatabase/src/views/JourneyManagementPanel.java</file>
            <file>file:/D:/Semester%204/PBOMateri/TestDatabase/src/views/TicketBookingPanel.java</file>
            <file>file:/D:/Semester%204/PBOMateri/TestDatabase/src/models/Journey.java</file>
            <file>file:/D:/Semester%204/PBOMateri/TestDatabase/src/controllers/TicketController.java</file>
        </group>
    </open-files>
</project-private>
